{
  "stats": {
    "submitted": 9,
    "finished": 0,
    "running": 9
  },
  "data": [
    [
      1,
      null,
      209652396,
      16.0,
      2147483647.0,
      0.0,
      0,
      0.0,
      0.0,
      {}
    ],
    [
      2,
      null,
      209652396,
      16.0,
      2147483647.0,
      0.0,
      0,
      0.0,
      0.0,
      {}
    ],
    [
      3,
      null,
      209652396,
      16.0,
      2147483647.0,
      0.0,
      0,
      0.0,
      0.0,
      {}
    ],
    [
      4,
      null,
      209652396,
      16.0,
      2147483647.0,
      0.0,
      0,
      0.0,
      0.0,
      {}
    ],
    [
      5,
      null,
      209652396,
      16.0,
      2147483647.0,
      0.0,
      0,
      0.0,
      0.0,
      {}
    ],
    [
      6,
      null,
      209652396,
      16.0,
      2147483647.0,
      0.0,
      0,
      0.0,
      0.0,
      {}
    ],
    [
      7,
      null,
      209652396,
      16.0,
      2147483647.0,
      0.0,
      0,
      0.0,
      0.0,
      {}
    ],
    [
      8,
      null,
      209652396,
      16.0,
      2147483647.0,
      0.0,
      0,
      0.0,
      0.0,
      {}
    ],
    [
      9,
      null,
      209652396,
      16.0,
      2147483647.0,
      0.0,
      0,
      0.0,
      0.0,
      {}
    ]
  ],
  "configs": {
    "1": {
      "batch_size": 77,
      "budget_type": "img_size",
      "cv_count": 2,
      "dataset": "deepweedsx_balanced",
      "datasetpath": "/home/shady/Projects/automl_final/data",
      "device": "cpu",
      "dropout_rate": 0.2,
      "global_avg_pooling": false,
      "kernel_size": 3,
      "learning_rate_init": 0.00018662266976517952,
      "n_channels_conv_0": 107,
      "n_channels_fc_0": 122,
      "n_conv_layers": 3,
      "n_fc_layers": 2,
      "use_BN": true,
      "n_channels_conv_1": 17,
      "n_channels_conv_2": 138,
      "n_channels_fc_1": 63
    },
    "2": {
      "batch_size": 96,
      "budget_type": "img_size",
      "cv_count": 2,
      "dataset": "deepweedsx_balanced",
      "datasetpath": "/home/shady/Projects/automl_final/data",
      "device": "cpu",
      "dropout_rate": 0.2,
      "global_avg_pooling": false,
      "kernel_size": 3,
      "learning_rate_init": 0.0008663279761354553,
      "n_channels_conv_0": 379,
      "n_channels_fc_0": 54,
      "n_conv_layers": 2,
      "n_fc_layers": 3,
      "use_BN": true,
      "n_channels_conv_1": 285,
      "n_channels_fc_1": 48,
      "n_channels_fc_2": 47
    },
    "3": {
      "batch_size": 28,
      "budget_type": "img_size",
      "cv_count": 2,
      "dataset": "deepweedsx_balanced",
      "datasetpath": "/home/shady/Projects/automl_final/data",
      "device": "cpu",
      "dropout_rate": 0.2,
      "global_avg_pooling": false,
      "kernel_size": 3,
      "learning_rate_init": 2.6919058249260695e-05,
      "n_channels_conv_0": 439,
      "n_channels_fc_0": 66,
      "n_conv_layers": 2,
      "n_fc_layers": 1,
      "use_BN": false,
      "n_channels_conv_1": 76
    },
    "4": {
      "batch_size": 84,
      "budget_type": "img_size",
      "cv_count": 2,
      "dataset": "deepweedsx_balanced",
      "datasetpath": "/home/shady/Projects/automl_final/data",
      "device": "cpu",
      "dropout_rate": 0.2,
      "global_avg_pooling": false,
      "kernel_size": 3,
      "learning_rate_init": 0.006780227021579835,
      "n_channels_conv_0": 211,
      "n_channels_fc_0": 52,
      "n_conv_layers": 2,
      "n_fc_layers": 3,
      "use_BN": true,
      "n_channels_conv_1": 160,
      "n_channels_fc_1": 21,
      "n_channels_fc_2": 19
    },
    "5": {
      "batch_size": 50,
      "budget_type": "img_size",
      "cv_count": 2,
      "dataset": "deepweedsx_balanced",
      "datasetpath": "/home/shady/Projects/automl_final/data",
      "device": "cpu",
      "dropout_rate": 0.2,
      "global_avg_pooling": true,
      "kernel_size": 3,
      "learning_rate_init": 0.0005135589606500231,
      "n_channels_conv_0": 107,
      "n_channels_fc_0": 126,
      "n_conv_layers": 1,
      "n_fc_layers": 1,
      "use_BN": true
    },
    "6": {
      "batch_size": 33,
      "budget_type": "img_size",
      "cv_count": 2,
      "dataset": "deepweedsx_balanced",
      "datasetpath": "/home/shady/Projects/automl_final/data",
      "device": "cpu",
      "dropout_rate": 0.2,
      "global_avg_pooling": true,
      "kernel_size": 3,
      "learning_rate_init": 0.0009310837957239842,
      "n_channels_conv_0": 46,
      "n_channels_fc_0": 42,
      "n_conv_layers": 2,
      "n_fc_layers": 3,
      "use_BN": true,
      "n_channels_conv_1": 291,
      "n_channels_fc_1": 62,
      "n_channels_fc_2": 30
    },
    "7": {
      "batch_size": 126,
      "budget_type": "img_size",
      "cv_count": 2,
      "dataset": "deepweedsx_balanced",
      "datasetpath": "/home/shady/Projects/automl_final/data",
      "device": "cpu",
      "dropout_rate": 0.2,
      "global_avg_pooling": false,
      "kernel_size": 3,
      "learning_rate_init": 0.00165116600355318,
      "n_channels_conv_0": 35,
      "n_channels_fc_0": 47,
      "n_conv_layers": 1,
      "n_fc_layers": 1,
      "use_BN": true
    },
    "8": {
      "batch_size": 79,
      "budget_type": "img_size",
      "cv_count": 2,
      "dataset": "deepweedsx_balanced",
      "datasetpath": "/home/shady/Projects/automl_final/data",
      "device": "cpu",
      "dropout_rate": 0.2,
      "global_avg_pooling": true,
      "kernel_size": 3,
      "learning_rate_init": 0.00037131642495346224,
      "n_channels_conv_0": 41,
      "n_channels_fc_0": 71,
      "n_conv_layers": 3,
      "n_fc_layers": 1,
      "use_BN": false,
      "n_channels_conv_1": 25,
      "n_channels_conv_2": 116
    },
    "9": {
      "batch_size": 81,
      "budget_type": "img_size",
      "cv_count": 2,
      "dataset": "deepweedsx_balanced",
      "datasetpath": "/home/shady/Projects/automl_final/data",
      "device": "cpu",
      "dropout_rate": 0.2,
      "global_avg_pooling": true,
      "kernel_size": 3,
      "learning_rate_init": 0.0030677508679378784,
      "n_channels_conv_0": 32,
      "n_channels_fc_0": 82,
      "n_conv_layers": 1,
      "n_fc_layers": 3,
      "use_BN": false,
      "n_channels_fc_1": 36,
      "n_channels_fc_2": 35
    }
  },
  "config_origins": {
    "1": "Initial Design: Random",
    "2": "Initial Design: Random",
    "3": null,
    "4": null,
    "5": null,
    "6": null,
    "7": null,
    "8": null,
    "9": null
  }
}