{
  "incumbent_ids": [
    11
  ],
  "rejected_config_ids": [
    1,
    2,
    5
  ],
  "incumbents_changed": 4,
  "trajectory": [
    {
      "config_ids": [
        1
      ],
      "costs": [
        0.040000000000000036
      ],
      "trial": 1,
      "walltime": 0.01830124855041504
    },
    {
      "config_ids": [
        2
      ],
      "costs": [
        0.03333333333333344
      ],
      "trial": 2,
      "walltime": 0.03502249717712402
    },
    {
      "config_ids": [
        5
      ],
      "costs": [
        0.026666666666666616
      ],
      "trial": 5,
      "walltime": 0.08851146697998047
    },
    {
      "config_ids": [
        11
      ],
      "costs": [
        0.013333333333333308
      ],
      "trial": 11,
      "walltime": 0.332927942276001
    }
  ],
  "state": {
    "queue": [
      [
        200,
        1
      ]
    ]
  }
}