{
  "stats": {
    "submitted": 17,
    "finished": 17,
    "running": 0
  },
  "data": [
    [
      1,
      null,
      209652396,
      1.25,
      0.4293332453630029,
      652.1401579380035,
      1,
      1692534031.1953244,
      1692534683.3387282,
      {}
    ],
    [
      2,
      null,
      209652396,
      1.25,
      0.42653468380304915,
      1666.2053101062775,
      1,
      1692534031.223287,
      1692535697.4310226,
      {}
    ],
    [
      3,
      null,
      209652396,
      1.25,
      0.47904312103893,
      1087.3667476177216,
      1,
      1692534031.263871,
      1692535118.6416824,
      {}
    ],
    [
      4,
      null,
      209652396,
      1.25,
      0.46818131471098456,
      908.8221089839935,
      1,
      1692534031.3325274,
      1692534940.1580482,
      {}
    ],
    [
      5,
      null,
      209652396,
      2.5,
      0.4375295773563478,
      599.2341487407684,
      1,
      1692534031.385615,
      1692534630.6381571,
      {}
    ],
    [
      6,
      null,
      209652396,
      2.5,
      0.43119920383617216,
      739.9476683139801,
      1,
      1692534031.4163063,
      1692534771.3664968,
      {}
    ],
    [
      7,
      null,
      209652396,
      2.5,
      0.4475920073167341,
      543.5644526481628,
      1,
      1692534031.484319,
      1692534575.0551631,
      {}
    ],
    [
      8,
      null,
      209652396,
      5.0,
      0.47997601498035125,
      564.342303276062,
      1,
      1692534031.519419,
      1692534595.86688,
      {}
    ],
    [
      9,
      null,
      209652396,
      5.0,
      0.47997601597878947,
      605.6554651260376,
      1,
      1692534575.15928,
      1692535180.8183362,
      {}
    ],
    [
      10,
      null,
      209652396,
      5.0,
      0.4382620818214672,
      882.7689051628113,
      1,
      1692534596.0048738,
      1692535478.7766485,
      {}
    ],
    [
      11,
      null,
      209652396,
      1.25,
      0.4329985720848092,
      1001.3717541694641,
      1,
      1692534630.740551,
      1692535632.1159475,
      {}
    ],
    [
      12,
      null,
      209652396,
      1.25,
      0.46578326515906465,
      947.4817273616791,
      1,
      1692534683.4545283,
      1692535630.9397798,
      {}
    ],
    [
      13,
      null,
      209652396,
      1.25,
      0.47977614686544534,
      1021.8857538700104,
      1,
      1692534771.4601276,
      1692535793.3511727,
      {}
    ],
    [
      14,
      null,
      209652396,
      1.25,
      0.47997604600598454,
      768.9060263633728,
      1,
      1692534940.2436473,
      1692535709.152768,
      {}
    ],
    [
      6,
      null,
      209652396,
      5.0,
      0.43119920383617216,
      746.1432511806488,
      1,
      1692535118.7259433,
      1692535864.8727605,
      {}
    ],
    [
      15,
      null,
      209652396,
      2.5,
      0.4599861576104384,
      1118.8733496665955,
      1,
      1692535180.913288,
      1692536299.7896342,
      {}
    ],
    [
      16,
      null,
      209652396,
      2.5,
      0.40561139258463663,
      722.5100841522217,
      1,
      1692535478.9600675,
      1692536201.4758277,
      {}
    ]
  ],
  "configs": {
    "1": {
      "batch_size": 77,
      "budget_type": "img_size",
      "cv_count": 2,
      "dataset": "deepweedsx_balanced",
      "datasetpath": "/home/shady/Projects/automl_final/data",
      "device": "cpu",
      "dropout_rate": 0.2,
      "global_avg_pooling": false,
      "kernel_size": 3,
      "learning_rate_init": 0.00018662266976517952,
      "n_channels_conv_0": 107,
      "n_channels_fc_0": 122,
      "n_conv_layers": 3,
      "n_fc_layers": 2,
      "use_BN": true,
      "n_channels_conv_1": 17,
      "n_channels_conv_2": 138,
      "n_channels_fc_1": 63
    },
    "2": {
      "batch_size": 96,
      "budget_type": "img_size",
      "cv_count": 2,
      "dataset": "deepweedsx_balanced",
      "datasetpath": "/home/shady/Projects/automl_final/data",
      "device": "cpu",
      "dropout_rate": 0.2,
      "global_avg_pooling": false,
      "kernel_size": 3,
      "learning_rate_init": 0.0008663279761354553,
      "n_channels_conv_0": 379,
      "n_channels_fc_0": 54,
      "n_conv_layers": 2,
      "n_fc_layers": 3,
      "use_BN": true,
      "n_channels_conv_1": 285,
      "n_channels_fc_1": 48,
      "n_channels_fc_2": 47
    },
    "3": {
      "batch_size": 28,
      "budget_type": "img_size",
      "cv_count": 2,
      "dataset": "deepweedsx_balanced",
      "datasetpath": "/home/shady/Projects/automl_final/data",
      "device": "cpu",
      "dropout_rate": 0.2,
      "global_avg_pooling": false,
      "kernel_size": 3,
      "learning_rate_init": 2.6919058249260695e-05,
      "n_channels_conv_0": 439,
      "n_channels_fc_0": 66,
      "n_conv_layers": 2,
      "n_fc_layers": 1,
      "use_BN": false,
      "n_channels_conv_1": 76
    },
    "4": {
      "batch_size": 84,
      "budget_type": "img_size",
      "cv_count": 2,
      "dataset": "deepweedsx_balanced",
      "datasetpath": "/home/shady/Projects/automl_final/data",
      "device": "cpu",
      "dropout_rate": 0.2,
      "global_avg_pooling": false,
      "kernel_size": 3,
      "learning_rate_init": 0.006780227021579835,
      "n_channels_conv_0": 211,
      "n_channels_fc_0": 52,
      "n_conv_layers": 2,
      "n_fc_layers": 3,
      "use_BN": true,
      "n_channels_conv_1": 160,
      "n_channels_fc_1": 21,
      "n_channels_fc_2": 19
    },
    "5": {
      "batch_size": 50,
      "budget_type": "img_size",
      "cv_count": 2,
      "dataset": "deepweedsx_balanced",
      "datasetpath": "/home/shady/Projects/automl_final/data",
      "device": "cpu",
      "dropout_rate": 0.2,
      "global_avg_pooling": true,
      "kernel_size": 3,
      "learning_rate_init": 0.0005135589606500231,
      "n_channels_conv_0": 107,
      "n_channels_fc_0": 126,
      "n_conv_layers": 1,
      "n_fc_layers": 1,
      "use_BN": true
    },
    "6": {
      "batch_size": 33,
      "budget_type": "img_size",
      "cv_count": 2,
      "dataset": "deepweedsx_balanced",
      "datasetpath": "/home/shady/Projects/automl_final/data",
      "device": "cpu",
      "dropout_rate": 0.2,
      "global_avg_pooling": true,
      "kernel_size": 3,
      "learning_rate_init": 0.0009310837957239842,
      "n_channels_conv_0": 46,
      "n_channels_fc_0": 42,
      "n_conv_layers": 2,
      "n_fc_layers": 3,
      "use_BN": true,
      "n_channels_conv_1": 291,
      "n_channels_fc_1": 62,
      "n_channels_fc_2": 30
    },
    "7": {
      "batch_size": 126,
      "budget_type": "img_size",
      "cv_count": 2,
      "dataset": "deepweedsx_balanced",
      "datasetpath": "/home/shady/Projects/automl_final/data",
      "device": "cpu",
      "dropout_rate": 0.2,
      "global_avg_pooling": false,
      "kernel_size": 3,
      "learning_rate_init": 0.00165116600355318,
      "n_channels_conv_0": 35,
      "n_channels_fc_0": 47,
      "n_conv_layers": 1,
      "n_fc_layers": 1,
      "use_BN": true
    },
    "8": {
      "batch_size": 79,
      "budget_type": "img_size",
      "cv_count": 2,
      "dataset": "deepweedsx_balanced",
      "datasetpath": "/home/shady/Projects/automl_final/data",
      "device": "cpu",
      "dropout_rate": 0.2,
      "global_avg_pooling": true,
      "kernel_size": 3,
      "learning_rate_init": 0.00037131642495346224,
      "n_channels_conv_0": 41,
      "n_channels_fc_0": 71,
      "n_conv_layers": 3,
      "n_fc_layers": 1,
      "use_BN": false,
      "n_channels_conv_1": 25,
      "n_channels_conv_2": 116
    },
    "9": {
      "batch_size": 81,
      "budget_type": "img_size",
      "cv_count": 2,
      "dataset": "deepweedsx_balanced",
      "datasetpath": "/home/shady/Projects/automl_final/data",
      "device": "cpu",
      "dropout_rate": 0.2,
      "global_avg_pooling": true,
      "kernel_size": 3,
      "learning_rate_init": 0.0030677508679378784,
      "n_channels_conv_0": 32,