{
  "stats": {
    "submitted": 17,
    "finished": 8,
    "running": 9
  },
  "data": [
    [
      1,
      null,
      209652396,
      1.0,
      0.5494932676253677,
      614.6007888317108,
      1,
      1692697595.0442626,
      1692698209.6463578,
      {}
    ],
    [
      2,
      null,
      209652396,
      1.0,
      2147483647.0,
      0.0,
      0,
      0.0,
      0.0,
      {}
    ],
    [
      3,
      null,
      209652396,
      1.0,
      0.7148410240867047,
      998.1780700683594,
      1,
      1692697595.1190982,
      1692698593.2992082,
      {}
    ],
    [
      4,
      null,
      209652396,
      1.0,
      0.7030403952035542,
      866.0575060844421,
      1,
      1692697595.1781685,
      1692698461.23972,
      {}
    ],
    [
      5,
      null,
      209652396,
      1.0,
      0.5600444371120956,
      590.7318298816681,
      1,
      1692697595.2311504,
      1692698185.9657786,
      {}
    ],
    [
      6,
      null,
      209652396,
      1.0,
      0.5567124691085485,
      718.3748097419739,
      1,
      1692697595.3129752,
      1692698313.6908221,
      {}
    ],
    [
      7,
      null,
      209652396,
      1.0,
      0.6084964368039827,
      527.2493658065796,
      1,
      1692697595.3605223,
      1692698122.6124206,
      {}
    ],
    [
      8,
      null,
      209652396,
      1.0,
      0.7312230938151075,
      554.4704840183258,
      1,
      1692697595.4091873,
      1692698149.8824172,
      {}
    ],
    [
      9,
      null,
      209652396,
      2.0,
      2147483647.0,
      0.0,
      0,
      0.0,
      0.0,
      {}
    ],
    [
      10,
      null,
      209652396,
      2.0,
      Infinity,
      0.0,
      2,
      1692698149.9913998,
      1692698201.601886,
      {
        "traceback": "Traceback (most recent call last):\n  File \"/home/shady/Environments/miniconda3/envs/automl/lib/python3.10/site-packages/smac/runner/target_function_runner.py\", line 184, in run\n    rval = self(config_copy, target_function, kwargs)\n  File \"/home/shady/Environments/miniconda3/envs/automl/lib/python3.10/site-packages/smac/runner/target_function_runner.py\", line 257, in __call__\n    return algorithm(config, **algorithm_kwargs)\n  File \"/home/shady/Projects/automl_final/multi_fidelity_template.py\", line 233, in cnn_from_cfg\n    train_score, train_loss = model.train_fn(\n  File \"/home/shady/Projects/automl_final/cnn.py\", line 173, in train_fn\n    for images, labels in loader:\n  File \"/home/shady/.local/lib/python3.10/site-packages/torch/utils/data/dataloader.py\", line 633, in __next__\n    data = self._next_data()\n  File \"/home/shady/.local/lib/python3.10/site-packages/torch/utils/data/dataloader.py\", line 677, in _next_data\n    data = self._dataset_fetcher.fetch(index)  # may raise StopIteration\n  File \"/home/shady/.local/lib/python3.10/site-packages/torch/utils/data/_utils/fetch.py\", line 51, in fetch\n    data = [self.dataset[idx] for idx in possibly_batched_index]\n  File \"/home/shady/.local/lib/python3.10/site-packages/torch/utils/data/_utils/fetch.py\", line 51, in <listcomp>\n    data = [self.dataset[idx] for idx in possibly_batched_index]\n  File \"/home/shady/.local/lib/python3.10/site-packages/torch/utils/data/dataset.py\", line 298, in __getitem__\n    return self.dataset[self.indices[idx]]\n  File \"/home/shady/.local/lib/python3.10/site-packages/torchvision/datasets/folder.py\", line 229, in __getitem__\n    sample = self.loader(path)\n  File \"/home/shady/.local/lib/python3.10/site-packages/torchvision/datasets/folder.py\", line 268, in default_loader\n    return pil_loader(path)\n  File \"/home/shady/.local/lib/python3.10/site-packages/torchvision/datasets/folder.py\", line 246, in pil_loader\n    with open(path, \"rb\") as f:\nFileNotFoundError: [Errno 2] No such file or directory: '/home/shady/Projects/automl_final/data/deepweedsx/train_balanced/2/20170920-185030-1.jpg'\n",
        "error": "FileNotFoundError(2, 'No such file or directory')"
      }
    ],
    [
      11,
      null,
      209652396,
      2.0,
      2147483647.0,
      0.0,
      0,
      0.0,
      0.0,
      {}
    ],
    [
      12,
      null,
      209652396,
      2.0,
      2147483647.0,
      0.0,
      0,
      0.0,
      0.0,
      {}
    ],
    [
      13,
      null,
      209652396,
      2.0,
      2147483647.0,
      0.0,
      0,
      0.0,
      0.0,
      {}
    ],
    [
      14,
      null,
      209652396,
      2.0,
      2147483647.0,
      0.0,
      0,
      0.0,
      0.0,
      {}
    ],
    [
      15,
      null,
      209652396,
      4.0,
      2147483647.0,
      0.0,
      0,
      0.0,
      0.0,
      {}
    ],
    [
      16,
      null,
      209652396,
      4.0,
      2147483647.0,
      0.0,
      0,
      0.0,
      0.0,
      {}
    ],
    [
      17,
      null,
      209652396,
      4.0,
      2147483647.0,
      0.0,
      0,
      0.0,
      0.0,
      {}
    ]
  ],
  "configs": {
    "1": {
      "batch_size": 77,
      "budget_type": "img_size",
      "cv_count": 2,
      "dataset": "deepweedsx_balanced",
      "datasetpath": "/home/shady/Projects/automl_final/data",
      "device": "cpu",
      "dropout_rate": 0.2,
      "global_avg_pooling": false,
      "kernel_size": 3,
      "learning_rate_init": 0.00018662266976517952,
      "n_channels_conv_0": 107,
      "n_channels_fc_0": 122,
      "n_conv_layers": 3,
      "n_fc_layers": 2,
      "use_BN": true,
      "n_channels_conv_1": 17,
      "n_channels_conv_2": 138,
      "n_channels_fc_1": 63
    },
    "2": {
      "batch_size": 96,
      "budget_type": "img_size",
      "cv_count": 2,
      "dataset": "deepweedsx_balanced",
      "datasetpath": "/home/shady/Projects/automl_final/data",
      "device": "cpu",
      "dropout_rate": 0.2,
      "global_avg_pooling": false,
      "kernel_size": 3,
      "learning_rate_init": 0.0008663279761354553,
      "n_channels_conv_0": 379,
      "n_channels_fc_0": 54,
      "n_conv_layers": 2,
      "n_fc_layers": 3,
      "use_BN": true,
      "n_channels_conv_1": 285,
      "n_channels_fc_1": 48,
      "n_channels_fc_2": 47
    },
    "3": {
      "batch_size": 28,
      "budget_type": "img_size",
      "cv_count": 2,
      "dataset": "deepweedsx_balanced",
      "datasetpath": "/home/shady/Projects/automl_final/data",
      "device": "cpu",
      "dropout_rate": 0.2,
      "global_avg_pooling": false,
      "kernel_size": 3,
      "learning_rate_init": 2.6919058249260695e-05,
      "n_channels_conv_0": 439,
      "n_channels_fc_0": 66,
      "n_conv_layers": 2,
      "n_fc_layers": 1,
      "use_BN": false,
      "n_channels_conv_1": 76
    },
    "4": {
      "batch_size": 84,
      "budget_type": "img_size",
      "cv_count": 2,
      "dataset": "deepweedsx_balanced",
      "datasetpath": "/home/shady/Projects/automl_final/data",
      "device": "cpu",
      "dropout_rate": 0.2,
      "global_avg_pooling": false,
      "kernel_size": 3,
      "learning_rate_init": 0.006780227021579835,
      "n_channels_conv_0": 211,
      "n_channels_fc_0": 52,
      "n_conv_layers": 2,
      "n_fc_layers": 3,
      "use_BN": true,
      "n_channels_conv_1": 160,
      "n_channels_fc_1": 21,
      "n_channels_fc_2": 19
    },
    "5": {
      "batch_size": 50,
      "budget_type": "img_size",
      "cv_count": 2,
      "dataset": "deepweedsx_balanced",
      "datasetpath": "/home/shady/Projects/automl_final/data",
      "device": "cpu",
      "dropout_rate": 0.2,
      "global_avg_pooling": true,
      "kernel_size": 3,
      "learning_rate_init": 0.0005135589606500231,
      "n_channels_conv_0": 107,
      "n_channels_fc_0": 126,
      "n_conv_layers": 1,
      "n_fc_layers": 1,
      "use_BN": true
    },
    "6": {
      "batch_size": 33,
      "budget_type": "img_size",
      "cv_count": 2,
      "dataset": "deepweedsx_balanced",
      "datasetpath": "/home/shady/Projects/automl_final/data",
      "device": "cpu",
      "dropout_rate": 0.2,