{
  "stats": {
    "submitted": 17,
    "finished": 15,
    "running": 2
  },
  "data": [
    [
      1,
      null,
      209652396,
      1.25,
      0.5782312923866759,
      664.471949338913,
      1,
      1692717961.7732792,
      1692718626.246789,
      {}
    ],
    [
      2,
      null,
      209652396,
      1.25,
      2147483647.0,
      0.0,
      0,
      0.0,
      0.0,
      {}
    ],
    [
      3,
      null,
      209652396,
      1.25,
      0.7645425414929006,
      874.1766669750214,
      1,
      1692717961.8145995,
      1692718835.9936361,
      {}
    ],
    [
      4,
      null,
      209652396,
      1.25,
      0.7298347842712154,
      827.2035398483276,
      1,
      1692717961.8867023,
      1692718789.1075494,
      {}
    ],
    [
      5,
      null,
      209652396,
      1.25,
      0.575177019359328,
      637.0963900089264,
      1,
      1692717961.934749,
      1692718599.0349767,
      {}
    ],
    [
      6,
      null,
      209652396,
      1.25,
      0.625433836711019,
      745.9833109378815,
      1,
      1692717962.0755603,
      1692718708.0628073,
      {}
    ],
    [
      7,
      null,
      209652396,
      1.25,
      0.5941968359943728,
      614.2691657543182,
      1,
      1692717962.1179714,
      1692718576.391608,
      {}
    ],
    [
      8,
      null,
      209652396,
      1.25,
      0.7456615238697295,
      570.5172431468964,
      1,
      1692717962.2037768,
      1692718532.7308671,
      {}
    ],
    [
      9,
      null,
      209652396,
      2.5,
      0.7442732192622479,
      604.3889861106873,
      1,
      1692717962.3125656,
      1692718566.7125993,
      {}
    ],
    [
      10,
      null,
      209652396,
      2.5,
      0.5955851645448482,
      777.7910277843475,
      1,
      1692717962.3876126,
      1692718740.1811607,
      {}
    ],
    [
      11,
      null,
      209652396,
      2.5,
      0.7017909299717229,
      781.4286189079285,
      1,
      1692717962.4867322,
      1692718743.92037,
      {}
    ],
    [
      12,
      null,
      209652396,
      2.5,
      2147483647.0,
      0.0,
      0,
      0.0,
      0.0,
      {}
    ],
    [
      13,
      null,
      209652396,
      2.5,
      0.8678328464420308,
      768.3411934375763,
      1,
      1692717962.7022119,
      1692718731.056836,
      {}
    ],
    [
      14,
      null,
      209652396,
      2.5,
      0.7932805835571816,
      738.5481593608856,
      1,
      1692717962.8690832,
      1692718701.423495,
      {}
    ],
    [
      15,
      null,
      209652396,
      5.0,
      0.709981958134746,
      651.2751443386078,
      1,
      1692717962.9734316,
      1692718614.260926,
      {}
    ],
    [
      16,
      null,
      209652396,
      5.0,
      0.7333055585374537,
      714.4616522789001,
      1,
      1692717963.1288776,
      1692718677.5995297,
      {}
    ],
    [
      17,
      null,
      209652396,
      5.0,
      0.6387616231299003,
      324.584077835083,
      1,
      1692718533.0689075,
      1692718857.658484,
      {}
    ]
  ],
  "configs": {
    "1": {
      "batch_size": 77,
      "budget_type": "img_size",
      "cv_count": 2,
      "dataset": "deepweedsx_balanced",
      "datasetpath": "/home/shady/Projects/automl_final/data",
      "device": "cpu",
      "dropout_rate": 0.2,
      "global_avg_pooling": false,
      "kernel_size": 3,
      "learning_rate_init": 0.00018662266976517952,
      "n_channels_conv_0": 107,
      "n_channels_fc_0": 122,
      "n_conv_layers": 3,
      "n_fc_layers": 2,
      "use_BN": true,
      "n_channels_conv_1": 17,
      "n_channels_conv_2": 138,
      "n_channels_fc_1": 63
    },
    "2": {
      "batch_size": 96,
      "budget_type": "img_size",
      "cv_count": 2,
      "dataset": "deepweedsx_balanced",
      "datasetpath": "/home/shady/Projects/automl_final/data",
      "device": "cpu",
      "dropout_rate": 0.2,
      "global_avg_pooling": false,
      "kernel_size": 3,
      "learning_rate_init": 0.0008663279761354553,
      "n_channels_conv_0": 379,
      "n_channels_fc_0": 54,
      "n_conv_layers": 2,
      "n_fc_layers": 3,
      "use_BN": true,
      "n_channels_conv_1": 285,
      "n_channels_fc_1": 48,
      "n_channels_fc_2": 47
    },
    "3": {
      "batch_size": 28,
      "budget_type": "img_size",
      "cv_count": 2,
      "dataset": "deepweedsx_balanced",
      "datasetpath": "/home/shady/Projects/automl_final/data",
      "device": "cpu",
      "dropout_rate": 0.2,
      "global_avg_pooling": false,
      "kernel_size": 3,
      "learning_rate_init": 2.6919058249260695e-05,
      "n_channels_conv_0": 439,
      "n_channels_fc_0": 66,
      "n_conv_layers": 2,
      "n_fc_layers": 1,
      "use_BN": false,
      "n_channels_conv_1": 76
    },
    "4": {
      "batch_size": 84,
      "budget_type": "img_size",
      "cv_count": 2,
      "dataset": "deepweedsx_balanced",
      "datasetpath": "/home/shady/Projects/automl_final/data",
      "device": "cpu",
      "dropout_rate": 0.2,
      "global_avg_pooling": false,
      "kernel_size": 3,
      "learning_rate_init": 0.006780227021579835,
      "n_channels_conv_0": 211,
      "n_channels_fc_0": 52,
      "n_conv_layers": 2,
      "n_fc_layers": 3,
      "use_BN": true,
      "n_channels_conv_1": 160,
      "n_channels_fc_1": 21,
      "n_channels_fc_2": 19
    },
    "5": {
      "batch_size": 50,
      "budget_type": "img_size",
      "cv_count": 2,
      "dataset": "deepweedsx_balanced",
      "datasetpath": "/home/shady/Projects/automl_final/data",
      "device": "cpu",
      "dropout_rate": 0.2,
      "global_avg_pooling": true,
      "kernel_size": 3,
      "learning_rate_init": 0.0005135589606500231,
      "n_channels_conv_0": 107,
      "n_channels_fc_0": 126,
      "n_conv_layers": 1,
      "n_fc_layers": 1,
      "use_BN": true
    },
    "6": {
      "batch_size": 33,
      "budget_type": "img_size",
      "cv_count": 2,
      "dataset": "deepweedsx_balanced",
      "datasetpath": "/home/shady/Projects/automl_final/data",
      "device": "cpu",
      "dropout_rate": 0.2,
      "global_avg_pooling": true,
      "kernel_size": 3,
      "learning_rate_init": 0.0009310837957239842,
      "n_channels_conv_0": 46,
      "n_channels_fc_0": 42,
      "n_conv_layers": 2,
      "n_fc_layers": 3,
      "use_BN": true,
      "n_channels_conv_1": 291,
      "n_channels_fc_1": 62,
      "n_channels_fc_2": 30
    },
    "7": {
      "batch_size": 126,
      "budget_type": "img_size",
      "cv_count": 2,
      "dataset": "deepweedsx_balanced",
      "datasetpath": "/home/shady/Projects/automl_final/data",
      "device": "cpu",
      "dropout_rate": 0.2,
      "global_avg_pooling": false,
      "kernel_size": 3,
      "learning_rate_init": 0.00165116600355318,
      "n_channels_conv_0": 35,
      "n_channels_fc_0": 47,
      "n_conv_layers": 1,
      "n_fc_layers": 1,
      "use_BN": true
    },
    "8": {
      "batch_size": 79,
      "budget_type": "img_size",
      "cv_count": 2,
      "dataset": "deepweedsx_balanced",
      "datasetpath": "/home/shady/Projects/automl_final/data",
      "device": "cpu",
      "dropout_rate": 0.2,
      "global_avg_pooling": true,
      "kernel_size": 3,
      "learning_rate_init": 0.00037131642495346224,
      "n_channels_conv_0": 41,
      "n_channels_fc_0": 71,
      "n_conv_layers": 3,
      "n_fc_layers": 1,
      "use_BN": false,
      "n_channels_conv_1": 25,
      "n_channels_conv_2": 116
    },
    "9": {
      "batch_size": 81,
      "budget_type": "img_size",
      "cv_count": 2,
      "dataset": "deepweedsx_balanced",
      "datasetpath": "/home/shady/Projects/automl_final/data",
      "device": "cpu",
      "dropout_rate": 0.2,
      "global_avg_pooling": true,
      "kernel_size": 3,
      "learning_rate_init": 0.0030677508679378784,
      "n_channels_conv_0": 32,
      "n_channels_fc_0": 82,
      "n_conv_layers": 1,
      "n_fc_layers": 3,
      "use_BN": false,